"idCity","City","Country","LastUpdate"
251,"Kabul","Afghanistan","2006-02-15T04:45:25.000Z"
59,"Batna","Algeria","2006-02-15T04:45:25.000Z"
63,"Bchar","Algeria","2006-02-15T04:45:25.000Z"
483,"Skikda","Algeria","2006-02-15T04:45:25.000Z"
516,"Tafuna","American Samoa","2006-02-15T04:45:25.000Z"
67,"Benguela","Angola","2006-02-15T04:45:25.000Z"
360,"Namibe","Angola","2006-02-15T04:45:25.000Z"
493,"South Hill","Anguilla","2006-02-15T04:45:25.000Z"
20,"Almirante Brown","Argentina","2006-02-15T04:45:25.000Z"
43,"Avellaneda","Argentina","2006-02-15T04:45:25.000Z"
45,"Baha Blanca","Argentina","2006-02-15T04:45:25.000Z"
128,"Crdoba","Argentina","2006-02-15T04:45:25.000Z"
161,"Escobar","Argentina","2006-02-15T04:45:25.000Z"
165,"Ezeiza","Argentina","2006-02-15T04:45:25.000Z"
289,"La Plata","Argentina","2006-02-15T04:45:25.000Z"
334,"Merlo","Argentina","2006-02-15T04:45:25.000Z"
424,"Quilmes","Argentina","2006-02-15T04:45:25.000Z"
454,"San Miguel de Tucumn","Argentina","2006-02-15T04:45:25.000Z"
457,"Santa F","Argentina","2006-02-15T04:45:25.000Z"
524,"Tandil","Argentina","2006-02-15T04:45:25.000Z"
567,"Vicente Lpez","Argentina","2006-02-15T04:45:25.000Z"
586,"Yerevan","Armenia","2006-02-15T04:45:25.000Z"
576,"Woodridge","Australia","2006-02-15T04:45:25.000Z"
186,"Graz","Austria","2006-02-15T04:45:25.000Z"
307,"Linz","Austria","2006-02-15T04:45:25.000Z"
447,"Salzburg","Austria","2006-02-15T04:45:25.000Z"
48,"Baku","Azerbaijan","2006-02-15T04:45:25.000Z"
505,"Sumqayit","Azerbaijan","2006-02-15T04:45:25.000Z"
14,"al-Manama","Bahrain","2006-02-15T04:45:25.000Z"
143,"Dhaka","Bangladesh","2006-02-15T04:45:25.000Z"
234,"Jamalpur","Bangladesh","2006-02-15T04:45:25.000Z"
525,"Tangail","Bangladesh","2006-02-15T04:45:25.000Z"
339,"Mogiljov","Belarus","2006-02-15T04:45:25.000Z"
340,"Molodetno","Belarus","2006-02-15T04:45:25.000Z"
153,"El Alto","Bolivia","2006-02-15T04:45:25.000Z"
501,"Sucre","Bolivia","2006-02-15T04:45:25.000Z"
21,"Alvorada","Brazil","2006-02-15T04:45:25.000Z"
25,"Angra dos Reis","Brazil","2006-02-15T04:45:25.000Z"
26,"Anpolis","Brazil","2006-02-15T04:45:25.000Z"
28,"Aparecida de Goinia","Brazil","2006-02-15T04:45:25.000Z"
30,"Araatuba","Brazil","2006-02-15T04:45:25.000Z"
44,"Bag","Brazil","2006-02-15T04:45:25.000Z"
66,"Belm","Brazil","2006-02-15T04:45:25.000Z"
83,"Blumenau","Brazil","2006-02-15T04:45:25.000Z"
84,"Boa Vista","Brazil","2006-02-15T04:45:25.000Z"
89,"Braslia","Brazil","2006-02-15T04:45:25.000Z"
183,"Goinia","Brazil","2006-02-15T04:45:25.000Z"
189,"Guaruj","Brazil","2006-02-15T04:45:25.000Z"
190,"guas Lindas de Gois","Brazil","2006-02-15T04:45:25.000Z"
215,"Ibirit","Brazil","2006-02-15T04:45:25.000Z"
247,"Juazeiro do Norte","Brazil","2006-02-15T04:45:25.000Z"
248,"Juiz de Fora","Brazil","2006-02-15T04:45:25.000Z"
317,"Luzinia","Brazil","2006-02-15T04:45:25.000Z"
328,"Maring","Brazil","2006-02-15T04:45:25.000Z"
410,"Po","Brazil","2006-02-15T04:45:25.000Z"
413,"Poos de Caldas","Brazil","2006-02-15T04:45:25.000Z"
431,"Rio Claro","Brazil","2006-02-15T04:45:25.000Z"
456,"Santa Brbara dOeste","Brazil","2006-02-15T04:45:25.000Z"
461,"Santo Andr","Brazil","2006-02-15T04:45:25.000Z"
485,"So Bernardo do Campo","Brazil","2006-02-15T04:45:25.000Z"
486,"So Leopoldo","Brazil","2006-02-15T04:45:25.000Z"
490,"Sorocaba","Brazil","2006-02-15T04:45:25.000Z"
569,"Vila Velha","Brazil","2006-02-15T04:45:25.000Z"
572,"Vitria de Santo Anto","Brazil","2006-02-15T04:45:25.000Z"
53,"Bandar Seri Begawan","Brunei","2006-02-15T04:45:25.000Z"
436,"Ruse","Bulgaria","2006-02-15T04:45:25.000Z"
498,"Stara Zagora","Bulgaria","2006-02-15T04:45:25.000Z"
60,"Battambang","Cambodia","2006-02-15T04:45:25.000Z"
406,"Phnom Penh","Cambodia","2006-02-15T04:45:25.000Z"
52,"Bamenda","Cameroon","2006-02-15T04:45:25.000Z"
585,"Yaound","Cameroon","2006-02-15T04:45:25.000Z"
179,"Gatineau","Canada","2006-02-15T04:45:25.000Z"
196,"Halifax","Canada","2006-02-15T04:45:25.000Z"
300,"Lethbridge","Canada","2006-02-15T04:45:25.000Z"
313,"London","Canada","2006-02-15T04:45:25.000Z"
383,"Oshawa","Canada","2006-02-15T04:45:25.000Z"
430,"Richmond Hill","Canada","2006-02-15T04:45:25.000Z"
565,"Vancouver","Canada","2006-02-15T04:45:25.000Z"
363,"NDjamna","Chad","2006-02-15T04:45:25.000Z"
27,"Antofagasta","Chile","2006-02-15T04:45:25.000Z"
127,"Coquimbo","Chile","2006-02-15T04:45:25.000Z"
428,"Rancagua","Chile","2006-02-15T04:45:25.000Z"
46,"Baicheng","China","2006-02-15T04:45:25.000Z"
47,"Baiyin","China","2006-02-15T04:45:25.000Z"
80,"Binzhou","China","2006-02-15T04:45:25.000Z"
109,"Changzhou","China","2006-02-15T04:45:25.000Z"
136,"Datong","China","2006-02-15T04:45:25.000Z"
139,"Daxian","China","2006-02-15T04:45:25.000Z"
145,"Dongying","China","2006-02-15T04:45:25.000Z"
157,"Emeishan","China","2006-02-15T04:45:25.000Z"
159,"Enshi","China","2006-02-15T04:45:25.000Z"
166,"Ezhou","China","2006-02-15T04:45:25.000Z"
174,"Fuyu","China","2006-02-15T04:45:25.000Z"
175,"Fuzhou","China","2006-02-15T04:45:25.000Z"
193,"Haining","China","2006-02-15T04:45:25.000Z"
199,"Hami","China","2006-02-15T04:45:25.000Z"
207,"Hohhot","China","2006-02-15T04:45:25.000Z"
210,"Huaian","China","2006-02-15T04:45:25.000Z"
240,"Jinchang","China","2006-02-15T04:45:25.000Z"
241,"Jining","China","2006-02-15T04:45:25.000Z"
242,"Jinzhou","China","2006-02-15T04:45:25.000Z"
249,"Junan","China","2006-02-15T04:45:25.000Z"
277,"Korla","China","2006-02-15T04:45:25.000Z"
291,"Laiwu","China","2006-02-15T04:45:25.000Z"
293,"Laohekou","China","2006-02-15T04:45:25.000Z"
298,"Lengshuijiang","China","2006-02-15T04:45:25.000Z"
299,"Leshan","China","2006-02-15T04:45:25.000Z"
302,"Liaocheng","China","2006-02-15T04:45:25.000Z"
332,"Meixian","China","2006-02-15T04:45:25.000Z"
362,"Nanyang","China","2006-02-15T04:45:25.000Z"
407,"Pingxiang","China","2006-02-15T04:45:25.000Z"
422,"Qinhuangdao","China","2006-02-15T04:45:25.000Z"
432,"Rizhao","China","2006-02-15T04:45:25.000Z"
462,"Sanya","China","2006-02-15T04:45:25.000Z"
468,"Shanwei","China","2006-02-15T04:45:25.000Z"
469,"Shaoguan","China","2006-02-15T04:45:25.000Z"
471,"Shenzhen","China","2006-02-15T04:45:25.000Z"
502,"Suihua","China","2006-02-15T04:45:25.000Z"
535,"Tianjin","China","2006-02-15T04:45:25.000Z"
536,"Tiefa","China","2006-02-15T04:45:25.000Z"
537,"Tieli","China","2006-02-15T04:45:25.000Z"
540,"Tongliao","China","2006-02-15T04:45:25.000Z"
574,"Weifang","China","2006-02-15T04:45:25.000Z"
578,"Xiangfan","China","2006-02-15T04:45:25.000Z"
579,"Xiangtan","China","2006-02-15T04:45:25.000Z"
580,"Xintai","China","2006-02-15T04:45:25.000Z"
581,"Xinxiang","China","2006-02-15T04:45:25.000Z"
584,"Yantai","China","2006-02-15T04:45:25.000Z"
587,"Yinchuan","China","2006-02-15T04:45:25.000Z"
588,"Yingkou","China","2006-02-15T04:45:25.000Z"
590,"Yuncheng","China","2006-02-15T04:45:25.000Z"
591,"Yuzhou","China","2006-02-15T04:45:25.000Z"
592,"Zalantun","China","2006-02-15T04:45:25.000Z"
594,"Zaoyang","China","2006-02-15T04:45:25.000Z"
599,"Zhoushan","China","2006-02-15T04:45:25.000Z"
96,"Buenaventura","Colombia","2006-02-15T04:45:25.000Z"
147,"Dos Quebradas","Colombia","2006-02-15T04:45:25.000Z"
170,"Florencia","Colombia","2006-02-15T04:45:25.000Z"
405,"Pereira","Colombia","2006-02-15T04:45:25.000Z"
480,"Sincelejo","Colombia","2006-02-15T04:45:25.000Z"
487,"Sogamoso","Colombia","2006-02-15T04:45:25.000Z"
315,"Lubumbashi","Congo, The Democratic Republic of the","2006-02-15T04:45:25.000Z"
348,"Mwene-Ditu","Congo, The Democratic Republic of the","2006-02-15T04:45:25.000Z"
378,"Olomouc","Czech Republic","2006-02-15T04:45:25.000Z"
290,"La Romana","Dominican Republic","2006-02-15T04:45:25.000Z"
450,"San Felipe de Puerto Plata","Dominican Republic","2006-02-15T04:45:25.000Z"
460,"Santiago de los Caballeros","Dominican Republic","2006-02-15T04:45:25.000Z"
311,"Loja","Ecuador","2006-02-15T04:45:25.000Z"
414,"Portoviejo","Ecuador","2006-02-15T04:45:25.000Z"
434,"Robamba","Ecuador","2006-02-15T04:45:25.000Z"
79,"Bilbays","Egypt","2006-02-15T04:45:25.000Z"
216,"Idfu","Egypt","2006-02-15T04:45:25.000Z"
337,"Mit Ghamr","Egypt","2006-02-15T04:45:25.000Z"
421,"Qalyub","Egypt","2006-02-15T04:45:25.000Z"
465,"Sawhaj","Egypt","2006-02-15T04:45:25.000Z"
476,"Shubra al-Khayma","Egypt","2006-02-15T04:45:25.000Z"
530,"Tartu","Estonia","2006-02-15T04:45:25.000Z"
6,"Addis Abeba","Ethiopia","2006-02-15T04:45:25.000Z"
545,"Trshavn","Faroe Islands","2006-02-15T04:45:25.000Z"
387,"Oulu","Finland","2006-02-15T04:45:25.000Z"
92,"Brest","France","2006-02-15T04:45:25.000Z"
297,"Le Mans","France","2006-02-15T04:45:25.000Z"
543,"Toulon","France","2006-02-15T04:45:25.000Z"
544,"Toulouse","France","2006-02-15T04:45:25.000Z"
105,"Cayenne","French Guiana","2006-02-15T04:45:25.000Z"
167,"Faaa","French Polynesia","2006-02-15T04:45:25.000Z"
397,"Papeete","French Polynesia","2006-02-15T04:45:25.000Z"
54,"Banjul","Gambia","2006-02-15T04:45:25.000Z"
148,"Duisburg","Germany","2006-02-15T04:45:25.000Z"
160,"Erlangen","Germany","2006-02-15T04:45:25.000Z"
198,"Halle/Saale","Germany","2006-02-15T04:45:25.000Z"
325,"Mannheim","Germany","2006-02-15T04:45:25.000Z"
439,"Saarbrcken","Germany","2006-02-15T04:45:25.000Z"
477,"Siegen","Germany","2006-02-15T04:45:25.000Z"
575,"Witten","Germany","2006-02-15T04:45:25.000Z"
38,"Athenai","Greece","2006-02-15T04:45:25.000Z"
401,"Patras","Greece","2006-02-15T04:45:25.000Z"
371,"Nuuk","Greenland","2006-02-15T04:45:25.000Z"
121,"Citt del Vaticano","Holy See (Vatican City State)","2006-02-15T04:45:25.000Z"
279,"Kowloon and New Kowloon","Hong Kong","2006-02-15T04:45:25.000Z"
512,"Szkesfehrvr","Hungary","2006-02-15T04:45:25.000Z"
8,"Adoni","India","2006-02-15T04:45:25.000Z"
9,"Ahmadnagar","India","2006-02-15T04:45:25.000Z"
18,"Allappuzha (Alleppey)","India","2006-02-15T04:45:25.000Z"
22,"Ambattur","India","2006-02-15T04:45:25.000Z"
24,"Amroha","India","2006-02-15T04:45:25.000Z"
51,"Balurghat","India","2006-02-15T04:45:25.000Z"
71,"Berhampore (Baharampur)","India","2006-02-15T04:45:25.000Z"
73,"Bhavnagar","India","2006-02-15T04:45:25.000Z"
74,"Bhilwara","India","2006-02-15T04:45:25.000Z"
75,"Bhimavaram","India","2006-02-15T04:45:25.000Z"
76,"Bhopal","India","2006-02-15T04:45:25.000Z"
77,"Bhusawal","India","2006-02-15T04:45:25.000Z"
78,"Bijapur","India","2006-02-15T04:45:25.000Z"
107,"Chandrapur","India","2006-02-15T04:45:25.000Z"
110,"Chapra","India","2006-02-15T04:45:25.000Z"
144,"Dhule (Dhulia)","India","2006-02-15T04:45:25.000Z"
164,"Etawah","India","2006-02-15T04:45:25.000Z"
169,"Firozabad","India","2006-02-15T04:45:25.000Z"
176,"Gandhinagar","India","2006-02-15T04:45:25.000Z"
191,"Gulbarga","India","2006-02-15T04:45:25.000Z"
195,"Haldia","India","2006-02-15T04:45:25.000Z"
197,"Halisahar","India","2006-02-15T04:45:25.000Z"
208,"Hoshiarpur","India","2006-02-15T04:45:25.000Z"
211,"Hubli-Dharwad","India","2006-02-15T04:45:25.000Z"
231,"Jaipur","India","2006-02-15T04:45:25.000Z"
239,"Jhansi","India","2006-02-15T04:45:25.000Z"
243,"Jodhpur","India","2006-02-15T04:45:25.000Z"
257,"Kamarhati","India","2006-02-15T04:45:25.000Z"
261,"Kanchrapara","India","2006-02-15T04:45:25.000Z"
263,"Karnal","India","2006-02-15T04:45:25.000Z"
264,"Katihar","India","2006-02-15T04:45:25.000Z"
283,"Kumbakonam","India","2006-02-15T04:45:25.000Z"
336,"Miraj","India","2006-02-15T04:45:25.000Z"
346,"Munger (Monghyr)","India","2006-02-15T04:45:25.000Z"
350,"Mysore","India","2006-02-15T04:45:25.000Z"
354,"Nagaon","India","2006-02-15T04:45:25.000Z"
395,"Palghat (Palakkad)","India","2006-02-15T04:45:25.000Z"
398,"Parbhani","India","2006-02-15T04:45:25.000Z"
399,"Pathankot","India","2006-02-15T04:45:25.000Z"
400,"Patiala","India","2006-02-15T04:45:25.000Z"
416,"Pudukkottai","India","2006-02-15T04:45:25.000Z"
417,"Pune","India","2006-02-15T04:45:25.000Z"
418,"Purnea (Purnia)","India","2006-02-15T04:45:25.000Z"
425,"Rae Bareli","India","2006-02-15T04:45:25.000Z"
426,"Rajkot","India","2006-02-15T04:45:25.000Z"
427,"Rampur","India","2006-02-15T04:45:25.000Z"
429,"Ranchi","India","2006-02-15T04:45:25.000Z"
448,"Sambhal","India","2006-02-15T04:45:25.000Z"
464,"Satna","India","2006-02-15T04:45:25.000Z"
473,"Shimoga","India","2006-02-15T04:45:25.000Z"
475,"Shivapuri","India","2006-02-15T04:45:25.000Z"
478,"Siliguri (Shiliguri)","India","2006-02-15T04:45:25.000Z"
522,"Tambaram","India","2006-02-15T04:45:25.000Z"
550,"Udaipur","India","2006-02-15T04:45:25.000Z"
554,"Uluberia","India","2006-02-15T04:45:25.000Z"
559,"Uttarpara-Kotrung","India","2006-02-15T04:45:25.000Z"
564,"Valparai","India","2006-02-15T04:45:25.000Z"
566,"Varanasi (Benares)","India","2006-02-15T04:45:25.000Z"
568,"Vijayawada","India","2006-02-15T04:45:25.000Z"
582,"Yamuna Nagar","India","2006-02-15T04:45:25.000Z"
117,"Cianjur","Indonesia","2006-02-15T04:45:25.000Z"
118,"Ciomas","Indonesia","2006-02-15T04:45:25.000Z"
119,"Ciparay","Indonesia","2006-02-15T04:45:25.000Z"
184,"Gorontalo","Indonesia","2006-02-15T04:45:25.000Z"
232,"Jakarta","Indonesia","2006-02-15T04:45:25.000Z"
301,"Lhokseumawe","Indonesia","2006-02-15T04:45:25.000Z"
318,"Madiun","Indonesia","2006-02-15T04:45:25.000Z"
396,"Pangkal Pinang","Indonesia","2006-02-15T04:45:25.000Z"
403,"Pemalang","Indonesia","2006-02-15T04:45:25.000Z"
412,"Pontianak","Indonesia","2006-02-15T04:45:25.000Z"
415,"Probolinggo","Indonesia","2006-02-15T04:45:25.000Z"
419,"Purwakarta","Indonesia","2006-02-15T04:45:25.000Z"
509,"Surakarta","Indonesia","2006-02-15T04:45:25.000Z"
532,"Tegal","Indonesia","2006-02-15T04:45:25.000Z"
31,"Arak","Iran","2006-02-15T04:45:25.000Z"
162,"Esfahan","Iran","2006-02-15T04:45:25.000Z"
265,"Kermanshah","Iran","2006-02-15T04:45:25.000Z"
356,"Najafabad","Iran","2006-02-15T04:45:25.000Z"
423,"Qomsheh","Iran","2006-02-15T04:45:25.000Z"
467,"Shahr-e Kord","Iran","2006-02-15T04:45:25.000Z"
481,"Sirjan","Iran","2006-02-15T04:45:25.000Z"
514,"Tabriz","Iran","2006-02-15T04:45:25.000Z"
344,"Mosul","Iraq","2006-02-15T04:45:25.000Z"
34,"Ashdod","Israel","2006-02-15T04:45:25.000Z"
36,"Ashqelon","Israel","2006-02-15T04:45:25.000Z"
57,"Bat Yam","Israel","2006-02-15T04:45:25.000Z"
533,"Tel Aviv-Jaffa","Israel","2006-02-15T04:45:25.000Z"
17,"Alessandria","Italy","2006-02-15T04:45:25.000Z"
70,"Bergamo","Italy","2006-02-15T04:45:25.000Z"
91,"Brescia","Italy","2006-02-15T04:45:25.000Z"
93,"Brindisi","Italy","2006-02-15T04:45:25.000Z"
309,"Livorno","Italy","2006-02-15T04:45:25.000Z"
511,"Syrakusa","Italy","2006-02-15T04:45:25.000Z"
551,"Udine","Italy","2006-02-15T04:45:25.000Z"
10,"Akishima","Japan","2006-02-15T04:45:25.000Z"
172,"Fukuyama","Japan","2006-02-15T04:45:25.000Z"
203,"Higashiosaka","Japan","2006-02-15T04:45:25.000Z"
204,"Hino","Japan","2006-02-15T04:45:25.000Z"
205,"Hiroshima","Japan","2006-02-15T04:45:25.000Z"
224,"Isesaki","Japan","2006-02-15T04:45:25.000Z"
226,"Iwaki","Japan","2006-02-15T04:45:25.000Z"
227,"Iwakuni","Japan","2006-02-15T04:45:25.000Z"
228,"Iwatsuki","Japan","2006-02-15T04:45:25.000Z"
229,"Izumisano","Japan","2006-02-15T04:45:25.000Z"
253,"Kakamigahara","Japan","2006-02-15T04:45:25.000Z"
256,"Kamakura","Japan","2006-02-15T04:45:25.000Z"
260,"Kanazawa","Japan","2006-02-15T04:45:25.000Z"
276,"Koriyama","Japan","2006-02-15T04:45:25.000Z"
284,"Kurashiki","Japan","2006-02-15T04:45:25.000Z"
287,"Kuwana","Japan","2006-02-15T04:45:25.000Z"
331,"Matsue","Japan","2006-02-15T04:45:25.000Z"
338,"Miyakonojo","Japan","2006-02-15T04:45:25.000Z"
355,"Nagareyama","Japan","2006-02-15T04:45:25.000Z"
376,"Okayama","Japan","2006-02-15T04:45:25.000Z"
377,"Okinawa","Japan","2006-02-15T04:45:25.000Z"
380,"Omiya","Japan","2006-02-15T04:45:25.000Z"
382,"Onomichi","Japan","2006-02-15T04:45:25.000Z"
386,"Otsu","Japan","2006-02-15T04:45:25.000Z"
440,"Sagamihara","Japan","2006-02-15T04:45:25.000Z"
463,"Sasebo","Japan","2006-02-15T04:45:25.000Z"
474,"Shimonoseki","Japan","2006-02-15T04:45:25.000Z"
521,"Tama","Japan","2006-02-15T04:45:25.000Z"
547,"Tsuyama","Japan","2006-02-15T04:45:25.000Z"
552,"Ueda","Japan","2006-02-15T04:45:25.000Z"
555,"Urawa","Japan","2006-02-15T04:45:25.000Z"
402,"Pavlodar","Kazakstan","2006-02-15T04:45:25.000Z"
598,"Zhezqazghan","Kazakstan","2006-02-15T04:45:25.000Z"
271,"Kisumu","Kenya","2006-02-15T04:45:25.000Z"
372,"Nyeri","Kenya","2006-02-15T04:45:25.000Z"
233,"Jalib al-Shuyukh","Kuwait","2006-02-15T04:45:25.000Z"
137,"Daugavpils","Latvia","2006-02-15T04:45:25.000Z"
303,"Liepaja","Latvia","2006-02-15T04:45:25.000Z"
560,"Vaduz","Liechtenstein","2006-02-15T04:45:25.000Z"
570,"Vilnius","Lithuania","2006-02-15T04:45:25.000Z"
319,"Mahajanga","Madagascar","2006-02-15T04:45:25.000Z"
304,"Lilongwe","Malawi","2006-02-15T04:45:25.000Z"
223,"Ipoh","Malaysia","2006-02-15T04:45:25.000Z"
282,"Kuching","Malaysia","2006-02-15T04:45:25.000Z"
507,"Sungai Petani","Malaysia","2006-02-15T04:45:25.000Z"
4,"Acua","Mexico","2006-02-15T04:45:25.000Z"
19,"Allende","Mexico","2006-02-15T04:45:25.000Z"
40,"Atlixco","Mexico","2006-02-15T04:45:25.000Z"
103,"Carmen","Mexico","2006-02-15T04:45:25.000Z"
106,"Celaya","Mexico","2006-02-15T04:45:25.000Z"
124,"Coacalco de Berriozbal","Mexico","2006-02-15T04:45:25.000Z"
125,"Coatzacoalcos","Mexico","2006-02-15T04:45:25.000Z"
129,"Cuauhtmoc","Mexico","2006-02-15T04:45:25.000Z"
130,"Cuautla","Mexico","2006-02-15T04:45:25.000Z"
131,"Cuernavaca","Mexico","2006-02-15T04:45:25.000Z"
154,"El Fuerte","Mexico","2006-02-15T04:45:25.000Z"
188,"Guadalajara","Mexico","2006-02-15T04:45:25.000Z"
202,"Hidalgo","Mexico","2006-02-15T04:45:25.000Z"
212,"Huejutla de Reyes","Mexico","2006-02-15T04:45:25.000Z"
213,"Huixquilucan","Mexico","2006-02-15T04:45:25.000Z"
246,"Jos Azueta","Mexico","2006-02-15T04:45:25.000Z"
250,"Jurez","Mexico","2006-02-15T04:45:25.000Z"
288,"La Paz","Mexico","2006-02-15T04:45:25.000Z"
330,"Matamoros","Mexico","2006-02-15T04:45:25.000Z"
335,"Mexicali","Mexico","2006-02-15T04:45:25.000Z"
341,"Monclova","Mexico","2006-02-15T04:45:25.000Z"
365,"Nezahualcyotl","Mexico","2006-02-15T04:45:25.000Z"
393,"Pachuca de Soto","Mexico","2006-02-15T04:45:25.000Z"
445,"Salamanca","Mexico","2006-02-15T04:45:25.000Z"
451,"San Felipe del Progreso","Mexico","2006-02-15T04:45:25.000Z"
452,"San Juan Bautista Tuxtepec","Mexico","2006-02-15T04:45:25.000Z"
541,"Torren","Mexico","2006-02-15T04:45:25.000Z"
556,"Uruapan","Mexico","2006-02-15T04:45:25.000Z"
563,"Valle de Santiago","Mexico","2006-02-15T04:45:25.000Z"
595,"Zapopan","Mexico","2006-02-15T04:45:25.000Z"
115,"Chisinau","Moldova","2006-02-15T04:45:25.000Z"
68,"Beni-Mellal","Morocco","2006-02-15T04:45:25.000Z"
353,"Nador","Morocco","2006-02-15T04:45:25.000Z"
443,"Sal","Morocco","2006-02-15T04:45:25.000Z"
64,"Beira","Mozambique","2006-02-15T04:45:25.000Z"
351,"Naala-Porto","Mozambique","2006-02-15T04:45:25.000Z"
534,"Tete","Mozambique","2006-02-15T04:45:25.000Z"
342,"Monywa","Myanmar","2006-02-15T04:45:25.000Z"
349,"Myingyan","Myanmar","2006-02-15T04:45:25.000Z"
583,"Yangor","Nauru","2006-02-15T04:45:25.000Z"
81,"Birgunj","Nepal","2006-02-15T04:45:25.000Z"
23,"Amersfoort","Netherlands","2006-02-15T04:45:25.000Z"
29,"Apeldoorn","Netherlands","2006-02-15T04:45:25.000Z"
151,"Ede","Netherlands","2006-02-15T04:45:25.000Z"
158,"Emmen","Netherlands","2006-02-15T04:45:25.000Z"
438,"s-Hertogenbosch","Netherlands","2006-02-15T04:45:25.000Z"
200,"Hamilton","New Zealand","2006-02-15T04:45:25.000Z"
69,"Benin City","Nigeria","2006-02-15T04:45:25.000Z"
141,"Deba Habe","Nigeria","2006-02-15T04:45:25.000Z"
152,"Effon-Alaiye","Nigeria","2006-02-15T04:45:25.000Z"
217,"Ife","Nigeria","2006-02-15T04:45:25.000Z"
218,"Ikerre","Nigeria","2006-02-15T04:45:25.000Z"
220,"Ilorin","Nigeria","2006-02-15T04:45:25.000Z"
252,"Kaduna","Nigeria","2006-02-15T04:45:25.000Z"
374,"Ogbomosho","Nigeria","2006-02-15T04:45:25.000Z"
381,"Ondo","Nigeria","2006-02-15T04:45:25.000Z"
389,"Owo","Nigeria","2006-02-15T04:45:25.000Z"
390,"Oyo","Nigeria","2006-02-15T04:45:25.000Z"
488,"Sokoto","Nigeria","2006-02-15T04:45:25.000Z"
596,"Zaria","Nigeria","2006-02-15T04:45:25.000Z"
420,"Pyongyang","North Korea","2006-02-15T04:45:25.000Z"
329,"Masqat","Oman","2006-02-15T04:45:25.000Z"
444,"Salala","Oman","2006-02-15T04:45:25.000Z"
134,"Dadu","Pakistan","2006-02-15T04:45:25.000Z"
324,"Mandi Bahauddin","Pakistan","2006-02-15T04:45:25.000Z"
327,"Mardan","Pakistan","2006-02-15T04:45:25.000Z"
375,"Okara","Pakistan","2006-02-15T04:45:25.000Z"
472,"Shikarpur","Pakistan","2006-02-15T04:45:25.000Z"
37,"Asuncin","Paraguay","2006-02-15T04:45:25.000Z"
122,"Ciudad del Este","Paraguay","2006-02-15T04:45:25.000Z"
453,"San Lorenzo","Paraguay","2006-02-15T04:45:25.000Z"
99,"Callao","Peru","2006-02-15T04:45:25.000Z"
214,"Hunuco","Peru","2006-02-15T04:45:25.000Z"
305,"Lima","Peru","2006-02-15T04:45:25.000Z"
503,"Sullana","Peru","2006-02-15T04:45:25.000Z"
61,"Baybay","Philippines","2006-02-15T04:45:25.000Z"
62,"Bayugan","Philippines","2006-02-15T04:45:25.000Z"
82,"Bislig","Philippines","2006-02-15T04:45:25.000Z"
98,"Cabuyao","Philippines","2006-02-15T04:45:25.000Z"
104,"Cavite","Philippines","2006-02-15T04:45:25.000Z"
138,"Davao","Philippines","2006-02-15T04:45:25.000Z"
182,"Gingoog","Philippines","2006-02-15T04:45:25.000Z"
192,"Hagonoy","Philippines","2006-02-15T04:45:25.000Z"
219,"Iligan","Philippines","2006-02-15T04:45:25.000Z"
221,"Imus","Philippines","2006-02-15T04:45:25.000Z"
294,"Lapu-Lapu","Philippines","2006-02-15T04:45:25.000Z"
323,"Mandaluyong","Philippines","2006-02-15T04:45:25.000Z"
391,"Ozamis","Philippines","2006-02-15T04:45:25.000Z"
458,"Santa Rosa","Philippines","2006-02-15T04:45:25.000Z"
517,"Taguig","Philippines","2006-02-15T04:45:25.000Z"
519,"Talavera","Philippines","2006-02-15T04:45:25.000Z"
523,"Tanauan","Philippines","2006-02-15T04:45:25.000Z"
527,"Tanza","Philippines","2006-02-15T04:45:25.000Z"
528,"Tarlac","Philippines","2006-02-15T04:45:25.000Z"
548,"Tuguegarao","Philippines","2006-02-15T04:45:25.000Z"
97,"Bydgoszcz","Poland","2006-02-15T04:45:25.000Z"
133,"Czestochowa","Poland","2006-02-15T04:45:25.000Z"
236,"Jastrzebie-Zdrj","Poland","2006-02-15T04:45:25.000Z"
255,"Kalisz","Poland","2006-02-15T04:45:25.000Z"
314,"Lublin","Poland","2006-02-15T04:45:25.000Z"
409,"Plock","Poland","2006-02-15T04:45:25.000Z"
549,"Tychy","Poland","2006-02-15T04:45:25.000Z"
577,"Wroclaw","Poland","2006-02-15T04:45:25.000Z"
32,"Arecibo","Puerto Rico","2006-02-15T04:45:25.000Z"
411,"Ponce","Puerto Rico","2006-02-15T04:45:25.000Z"
86,"Botosani","Romania","2006-02-15T04:45:25.000Z"
95,"Bucuresti","Romania","2006-02-15T04:45:25.000Z"
442,"Saint-Denis","Runion","2006-02-15T04:45:25.000Z"
39,"Atinsk","Russian Federation","2006-02-15T04:45:25.000Z"
49,"Balaiha","Russian Federation","2006-02-15T04:45:25.000Z"
150,"Dzerzinsk","Russian Federation","2006-02-15T04:45:25.000Z"
156,"Elista","Russian Federation","2006-02-15T04:45:25.000Z"
225,"Ivanovo","Russian Federation","2006-02-15T04:45:25.000Z"
235,"Jaroslavl","Russian Federation","2006-02-15T04:45:25.000Z"
238,"Jelets","Russian Federation","2006-02-15T04:45:25.000Z"
254,"Kaliningrad","Russian Federation","2006-02-15T04:45:25.000Z"
259,"Kamyin","Russian Federation","2006-02-15T04:45:25.000Z"
270,"Kirovo-Tepetsk","Russian Federation","2006-02-15T04:45:25.000Z"
274,"Kolpino","Russian Federation","2006-02-15T04:45:25.000Z"
278,"Korolev","Russian Federation","2006-02-15T04:45:25.000Z"
285,"Kurgan","Russian Federation","2006-02-15T04:45:25.000Z"
286,"Kursk","Russian Federation","2006-02-15T04:45:25.000Z"
308,"Lipetsk","Russian Federation","2006-02-15T04:45:25.000Z"
310,"Ljubertsy","Russian Federation","2006-02-15T04:45:25.000Z"
320,"Maikop","Russian Federation","2006-02-15T04:45:25.000Z"
343,"Moscow","Russian Federation","2006-02-15T04:45:25.000Z"
352,"Nabereznyje Telny","Russian Federation","2006-02-15T04:45:25.000Z"
367,"Niznekamsk","Russian Federation","2006-02-15T04:45:25.000Z"
369,"Novoterkassk","Russian Federation","2006-02-15T04:45:25.000Z"
408,"Pjatigorsk","Russian Federation","2006-02-15T04:45:25.000Z"
466,"Serpuhov","Russian Federation","2006-02-15T04:45:25.000Z"
484,"Smolensk","Russian Federation","2006-02-15T04:45:25.000Z"
510,"Syktyvkar","Russian Federation","2006-02-15T04:45:25.000Z"
531,"Teboksary","Russian Federation","2006-02-15T04:45:25.000Z"
558,"Usolje-Sibirskoje","Russian Federation","2006-02-15T04:45:25.000Z"
597,"Zeleznogorsk","Russian Federation","2006-02-15T04:45:25.000Z"
269,"Kingstown","Saint Vincent and the Grenadines","2006-02-15T04:45:25.000Z"
2,"Abha","Saudi Arabia","2006-02-15T04:45:25.000Z"
13,"al-Hawiya","Saudi Arabia","2006-02-15T04:45:25.000Z"
16,"al-Qatif","Saudi Arabia","2006-02-15T04:45:25.000Z"
237,"Jedda","Saudi Arabia","2006-02-15T04:45:25.000Z"
515,"Tabuk","Saudi Arabia","2006-02-15T04:45:25.000Z"
600,"Ziguinchor","Senegal","2006-02-15T04:45:25.000Z"
90,"Bratislava","Slovakia","2006-02-15T04:45:25.000Z"
85,"Boksburg","South Africa","2006-02-15T04:45:25.000Z"
87,"Botshabelo","South Africa","2006-02-15T04:45:25.000Z"
112,"Chatsworth","South Africa","2006-02-15T04:45:25.000Z"
244,"Johannesburg","South Africa","2006-02-15T04:45:25.000Z"
267,"Kimberley","South Africa","2006-02-15T04:45:25.000Z"
273,"Klerksdorp","South Africa","2006-02-15T04:45:25.000Z"
364,"Newcastle","South Africa","2006-02-15T04:45:25.000Z"
392,"Paarl","South Africa","2006-02-15T04:45:25.000Z"
437,"Rustenburg","South Africa","2006-02-15T04:45:25.000Z"
491,"Soshanguve","South Africa","2006-02-15T04:45:25.000Z"
497,"Springs","South Africa","2006-02-15T04:45:25.000Z"
113,"Cheju","South Korea","2006-02-15T04:45:25.000Z"
268,"Kimchon","South Korea","2006-02-15T04:45:25.000Z"
357,"Naju","South Korea","2006-02-15T04:45:25.000Z"
539,"Tonghae","South Korea","2006-02-15T04:45:25.000Z"
553,"Uijongbu","South Korea","2006-02-15T04:45:25.000Z"
1,"A Corua (La Corua)","Spain","2006-02-15T04:45:25.000Z"
146,"Donostia-San Sebastin","Spain","2006-02-15T04:45:25.000Z"
181,"Gijn","Spain","2006-02-15T04:45:25.000Z"
388,"Ourense (Orense)","Spain","2006-02-15T04:45:25.000Z"
459,"Santiago de Compostela","Spain","2006-02-15T04:45:25.000Z"
230,"Jaffna","Sri Lanka","2006-02-15T04:45:25.000Z"
15,"al-Qadarif","Sudan","2006-02-15T04:45:25.000Z"
379,"Omdurman","Sudan","2006-02-15T04:45:25.000Z"
321,"Malm","Sweden","2006-02-15T04:45:25.000Z"
56,"Basel","Switzerland","2006-02-15T04:45:25.000Z"
72,"Bern","Switzerland","2006-02-15T04:45:25.000Z"
296,"Lausanne","Switzerland","2006-02-15T04:45:25.000Z"
108,"Changhwa","Taiwan","2006-02-15T04:45:25.000Z"
114,"Chiayi","Taiwan","2006-02-15T04:45:25.000Z"
116,"Chungho","Taiwan","2006-02-15T04:45:25.000Z"
168,"Fengshan","Taiwan","2006-02-15T04:45:25.000Z"
209,"Hsichuh","Taiwan","2006-02-15T04:45:25.000Z"
316,"Lungtan","Taiwan","2006-02-15T04:45:25.000Z"
361,"Nantou","Taiwan","2006-02-15T04:45:25.000Z"
526,"Tanshui","Taiwan","2006-02-15T04:45:25.000Z"
542,"Touliu","Taiwan","2006-02-15T04:45:25.000Z"
546,"Tsaotun","Taiwan","2006-02-15T04:45:25.000Z"
347,"Mwanza","Tanzania","2006-02-15T04:45:25.000Z"
513,"Tabora","Tanzania","2006-02-15T04:45:25.000Z"
593,"Zanzibar","Tanzania","2006-02-15T04:45:25.000Z"
358,"Nakhon Sawan","Thailand","2006-02-15T04:45:25.000Z"
394,"Pak Kret","Thailand","2006-02-15T04:45:25.000Z"
489,"Songkhla","Thailand","2006-02-15T04:45:25.000Z"
370,"Nukualofa","Tonga","2006-02-15T04:45:25.000Z"
492,"Sousse","Tunisia","2006-02-15T04:45:25.000Z"
5,"Adana","Turkey","2006-02-15T04:45:25.000Z"
50,"Balikesir","Turkey","2006-02-15T04:45:25.000Z"
58,"Batman","Turkey","2006-02-15T04:45:25.000Z"
142,"Denizli","Turkey","2006-02-15T04:45:25.000Z"
163,"Eskisehir","Turkey","2006-02-15T04:45:25.000Z"
180,"Gaziantep","Turkey","2006-02-15T04:45:25.000Z"
222,"Inegl","Turkey","2006-02-15T04:45:25.000Z"
266,"Kilis","Turkey","2006-02-15T04:45:25.000Z"
281,"Ktahya","Turkey","2006-02-15T04:45:25.000Z"
384,"Osmaniye","Turkey","2006-02-15T04:45:25.000Z"
482,"Sivas","Turkey","2006-02-15T04:45:25.000Z"
504,"Sultanbeyli","Turkey","2006-02-15T04:45:25.000Z"
529,"Tarsus","Turkey","2006-02-15T04:45:25.000Z"
538,"Tokat","Turkey","2006-02-15T04:45:25.000Z"
557,"Usak","Turkey","2006-02-15T04:45:25.000Z"
35,"Ashgabat","Turkmenistan","2006-02-15T04:45:25.000Z"
173,"Funafuti","Tuvalu","2006-02-15T04:45:25.000Z"
258,"Kamjanets-Podilskyi","Ukraine","2006-02-15T04:45:25.000Z"
275,"Konotop","Ukraine","2006-02-15T04:45:25.000Z"
345,"Mukateve","Ukraine","2006-02-15T04:45:25.000Z"
385,"ostka","Ukraine","2006-02-15T04:45:25.000Z"
479,"Simferopol","Ukraine","2006-02-15T04:45:25.000Z"
506,"Sumy","Ukraine","2006-02-15T04:45:25.000Z"
3,"Abu Dhabi","United Arab Emirates","2006-02-15T04:45:25.000Z"
12,"al-Ayn","United Arab Emirates","2006-02-15T04:45:25.000Z"
470,"Sharja","United Arab Emirates","2006-02-15T04:45:25.000Z"
88,"Bradford","United Kingdom","2006-02-15T04:45:25.000Z"
149,"Dundee","United Kingdom","2006-02-15T04:45:25.000Z"
312,"London","United Kingdom","2006-02-15T04:45:25.000Z"
494,"Southampton","United Kingdom","2006-02-15T04:45:25.000Z"
495,"Southend-on-Sea","United Kingdom","2006-02-15T04:45:25.000Z"
496,"Southport","United Kingdom","2006-02-15T04:45:25.000Z"
500,"Stockport","United Kingdom","2006-02-15T04:45:25.000Z"
589,"York","United Kingdom","2006-02-15T04:45:25.000Z"
11,"Akron","United States","2006-02-15T04:45:25.000Z"
33,"Arlington","United States","2006-02-15T04:45:25.000Z"
41,"Augusta-Richmond County","United States","2006-02-15T04:45:25.000Z"
42,"Aurora","United States","2006-02-15T04:45:25.000Z"
65,"Bellevue","United States","2006-02-15T04:45:25.000Z"
94,"Brockton","United States","2006-02-15T04:45:25.000Z"
101,"Cape Coral","United States","2006-02-15T04:45:25.000Z"
120,"Citrus Heights","United States","2006-02-15T04:45:25.000Z"
123,"Clarksville","United States","2006-02-15T04:45:25.000Z"
126,"Compton","United States","2006-02-15T04:45:25.000Z"
135,"Dallas","United States","2006-02-15T04:45:25.000Z"
140,"Dayton","United States","2006-02-15T04:45:25.000Z"
155,"El Monte","United States","2006-02-15T04:45:25.000Z"
171,"Fontana","United States","2006-02-15T04:45:25.000Z"
177,"Garden Grove","United States","2006-02-15T04:45:25.000Z"
178,"Garland","United States","2006-02-15T04:45:25.000Z"
185,"Grand Prairie","United States","2006-02-15T04:45:25.000Z"
187,"Greensboro","United States","2006-02-15T04:45:25.000Z"
245,"Joliet","United States","2006-02-15T04:45:25.000Z"
262,"Kansas City","United States","2006-02-15T04:45:25.000Z"
292,"Lancaster","United States","2006-02-15T04:45:25.000Z"
295,"Laredo","United States","2006-02-15T04:45:25.000Z"
306,"Lincoln","United States","2006-02-15T04:45:25.000Z"
322,"Manchester","United States","2006-02-15T04:45:25.000Z"
333,"Memphis","United States","2006-02-15T04:45:25.000Z"
404,"Peoria","United States","2006-02-15T04:45:25.000Z"
433,"Roanoke","United States","2006-02-15T04:45:25.000Z"
435,"Rockford","United States","2006-02-15T04:45:25.000Z"
441,"Saint Louis","United States","2006-02-15T04:45:25.000Z"
446,"Salinas","United States","2006-02-15T04:45:25.000Z"
449,"San Bernardino","United States","2006-02-15T04:45:25.000Z"
499,"Sterling Heights","United States","2006-02-15T04:45:25.000Z"
508,"Sunnyvale","United States","2006-02-15T04:45:25.000Z"
520,"Tallahassee","United States","2006-02-15T04:45:25.000Z"
573,"Warren","United States","2006-02-15T04:45:25.000Z"
55,"Barcelona","Venezuela","2006-02-15T04:45:25.000Z"
102,"Caracas","Venezuela","2006-02-15T04:45:25.000Z"
132,"Cuman","Venezuela","2006-02-15T04:45:25.000Z"
326,"Maracabo","Venezuela","2006-02-15T04:45:25.000Z"
373,"Ocumare del Tuy","Venezuela","2006-02-15T04:45:25.000Z"
561,"Valencia","Venezuela","2006-02-15T04:45:25.000Z"
562,"Valle de la Pascua","Venezuela","2006-02-15T04:45:25.000Z"
100,"Cam Ranh","Vietnam","2006-02-15T04:45:25.000Z"
194,"Haiphong","Vietnam","2006-02-15T04:45:25.000Z"
201,"Hanoi","Vietnam","2006-02-15T04:45:25.000Z"
359,"Nam Dinh","Vietnam","2006-02-15T04:45:25.000Z"
366,"Nha Trang","Vietnam","2006-02-15T04:45:25.000Z"
571,"Vinh","Vietnam","2006-02-15T04:45:25.000Z"
111,"Charlotte Amalie","Virgin Islands, U.S.","2006-02-15T04:45:25.000Z"
7,"Aden","Yemen","2006-02-15T04:45:25.000Z"
206,"Hodeida","Yemen","2006-02-15T04:45:25.000Z"
455,"Sanaa","Yemen","2006-02-15T04:45:25.000Z"
518,"Taizz","Yemen","2006-02-15T04:45:25.000Z"
280,"Kragujevac","Yugoslavia","2006-02-15T04:45:25.000Z"
368,"Novi Sad","Yugoslavia","2006-02-15T04:45:25.000Z"
272,"Kitwe","Zambia","2006-02-15T04:45:25.000Z"